<?xml version="1.0.0" encoding="UTF-8" standalone="yes"?>
<addon id="plugin.video.WizardHidalgo" 
	   name="WizardHidalgo" 
	   version="1.0.0" 
	   provider-name="David Hidalgo"> 
  <requires>
    <import addon="xbmc.python" version="2.1.0"/>
  </requires>
  <extension point="xbmc.python.pluginsource" library="default.py">
        <provides>executable</provides>
  </extension>
  <extension point="xbmc.addon.metadata">
    <summary>Wizard</summary>
    <description>Instación addon Basicos Kodi y configuracion </description> 
    <platform>all</platform>
  </extension>
</addon>
